{"images":[{"size":"20x20","idiom":"iphone","filename":"iPhone Notification-20@2x.png","scale":"2x"},{"size":"20x20","idiom":"iphone","filename":"iPhone Notification-20@3x.png","scale":"3x"},{"size":"29x29","idiom":"iphone","filename":"iPhone Settings-29@2x.png","scale":"2x"},{"size":"29x29","idiom":"iphone","filename":"iPhone Settings-29@3x.png","scale":"3x"},{"size":"40x40","idiom":"iphone","filename":"iPhone Spotlight-40@2x.png","scale":"2x"},{"size":"40x40","idiom":"iphone","filename":"iPhone Spotlight-40@3x.png","scale":"3x"},{"size":"60x60","idiom":"iphone","filename":"iPhone App-60@2x.png","scale":"2x"},{"size":"60x60","idiom":"iphone","filename":"iPhone App-60@3x.png","scale":"3x"},{"size":"20x20","idiom":"ipad","filename":"iPad Notifications-20.png","scale":"1x"},{"size":"20x20","idiom":"ipad","filename":"iPad Notifications-20@2x.png","scale":"2x"},{"size":"29x29","idiom":"ipad","filename":"iPad Settings-29.png","scale":"1x"},{"size":"29x29","idiom":"ipad","filename":"iPad Settings-29@2x.png","scale":"2x"},{"size":"40x40","idiom":"ipad","filename":"iPad Spotlight-40.png","scale":"1x"},{"size":"40x40","idiom":"ipad","filename":"iPad Spotlight-40@2x.png","scale":"2x"},{"size":"76x76","idiom":"ipad","filename":"iPad App-76.png","scale":"1x"},{"size":"76x76","idiom":"ipad","filename":"iPad App-76@2x.png","scale":"2x"},{"size":"83.5x83.5","idiom":"ipad","filename":"iPad Pro App-83.5@2x.png","scale":"2x"},{"size":"60x60","idiom":"car","filename":"CarPlay-60@2x.png","scale":"2x"},{"size":"60x60","idiom":"car","filename":"CarPlay-60@3x.png","scale":"3x"},{"size":"1024x1024","idiom":"ios-marketing","filename":"App Store-1024.png","scale":"1x"}],"info":{"version":1,"author":"xcode"}}